-- phpMyAdmin SQL Dump
-- version 5.2.1
-- https://www.phpmyadmin.net/
--
-- Host: 127.0.0.1
-- Generation Time: Mar 04, 2025 at 12:45 PM
-- Server version: 10.4.32-MariaDB
-- PHP Version: 8.1.25

SET SQL_MODE = "NO_AUTO_VALUE_ON_ZERO";
START TRANSACTION;
SET time_zone = "+00:00";


/*!40101 SET @OLD_CHARACTER_SET_CLIENT=@@CHARACTER_SET_CLIENT */;
/*!40101 SET @OLD_CHARACTER_SET_RESULTS=@@CHARACTER_SET_RESULTS */;
/*!40101 SET @OLD_COLLATION_CONNECTION=@@COLLATION_CONNECTION */;
/*!40101 SET NAMES utf8mb4 */;

--
-- Database: `db_lms`
--

-- --------------------------------------------------------

--
-- Table structure for table `admin`
--

CREATE TABLE `admin` (
  `admin_id` int(11) NOT NULL,
  `firstname` varchar(100) NOT NULL,
  `middlename` varchar(100) NOT NULL,
  `lastname` varchar(100) NOT NULL,
  `username` varchar(100) NOT NULL,
  `password` varchar(100) NOT NULL,
  `confirm_password` varchar(100) NOT NULL,
  `admin_image` varchar(100) NOT NULL,
  `admin_type` varchar(100) NOT NULL,
  `admin_added` datetime NOT NULL
) ENGINE=InnoDB DEFAULT CHARSET=latin1 COLLATE=latin1_swedish_ci;

--
-- Dumping data for table `admin`
--

INSERT INTO `admin` (`admin_id`, `firstname`, `middlename`, `lastname`, `username`, `password`, `confirm_password`, `admin_image`, `admin_type`, `admin_added`) VALUES
(1, 'Admin', 'M.', 'Doe', 'admin', 'admin', 'admin', '', 'Admin', '2015-09-05 11:40:50');

-- --------------------------------------------------------

--
-- Table structure for table `allowed_book`
--

CREATE TABLE `allowed_book` (
  `allowed_book_id` int(11) NOT NULL,
  `qntty_books` int(11) NOT NULL
) ENGINE=InnoDB DEFAULT CHARSET=latin1 COLLATE=latin1_swedish_ci;

--
-- Dumping data for table `allowed_book`
--

INSERT INTO `allowed_book` (`allowed_book_id`, `qntty_books`) VALUES
(1, 3);

-- --------------------------------------------------------

--
-- Table structure for table `allowed_days`
--

CREATE TABLE `allowed_days` (
  `allowed_days_id` int(11) NOT NULL,
  `no_of_days` int(11) NOT NULL
) ENGINE=InnoDB DEFAULT CHARSET=latin1 COLLATE=latin1_swedish_ci;

--
-- Dumping data for table `allowed_days`
--

INSERT INTO `allowed_days` (`allowed_days_id`, `no_of_days`) VALUES
(1, 3);

-- --------------------------------------------------------

--
-- Table structure for table `barcode`
--

CREATE TABLE `barcode` (
  `barcode_id` int(11) NOT NULL,
  `pre_barcode` varchar(100) NOT NULL,
  `mid_barcode` int(100) NOT NULL,
  `suf_barcode` varchar(100) NOT NULL
) ENGINE=InnoDB DEFAULT CHARSET=latin1 COLLATE=latin1_swedish_ci;

--
-- Dumping data for table `barcode`
--

INSERT INTO `barcode` (`barcode_id`, `pre_barcode`, `mid_barcode`, `suf_barcode`) VALUES
(1, 'RMSML', 1, 'LMS'),
(2, 'RMSML', 2, 'LMS'),
(3, 'RMSML', 3, 'LMS'),
(4, 'RMSML', 4, 'LMS'),
(5, 'RMSML', 5, 'LMS'),
(6, 'RMSML', 6, 'LMS'),
(7, 'RMSML', 7, 'LMS'),
(8, 'RMSML', 8, 'LMS');

-- --------------------------------------------------------

--
-- Table structure for table `book`
--

CREATE TABLE `book` (
  `book_id` int(11) NOT NULL,
  `book_title` varchar(100) NOT NULL,
  `category_id` int(50) NOT NULL,
  `author` varchar(50) NOT NULL,
  `author_2` varchar(100) NOT NULL,
  `author_3` varchar(100) NOT NULL,
  `author_4` varchar(100) NOT NULL,
  `author_5` varchar(100) NOT NULL,
  `book_copies` int(11) NOT NULL,
  `book_pub` varchar(100) NOT NULL,
  `publisher_name` varchar(100) NOT NULL,
  `isbn` varchar(50) NOT NULL,
  `copyright_year` int(11) NOT NULL,
  `status` varchar(30) NOT NULL,
  `book_barcode` varchar(100) NOT NULL,
  `book_image` varchar(100) NOT NULL,
  `date_added` datetime NOT NULL,
  `remarks` varchar(100) NOT NULL
) ENGINE=InnoDB DEFAULT CHARSET=latin1 COLLATE=latin1_swedish_ci;

--
-- Dumping data for table `book`
--

INSERT INTO `book` (`book_id`, `book_title`, `category_id`, `author`, `author_2`, `author_3`, `author_4`, `author_5`, `book_copies`, `book_pub`, `publisher_name`, `isbn`, `copyright_year`, `status`, `book_barcode`, `book_image`, `date_added`, `remarks`) VALUES
(1, 'English Expressways : Second Year', 1, 'Virginia F. Bermudez', 'Remedios F. Nery', 'Josephine M. Cruz', 'Milagrosa A. San Juan', '', 15, '2010', 'SD Publications, INC.', '978-971-0315-72-7', 2010, 'Old', 'RMSML1LMS', 'IMG_0019.JPG', '2015-12-14 01:06:46', 'Available'),
(2, 'DAYBOOK of Critical Reading and Writing', 8, 'Fran Claggett', 'Louann Reid', 'Ruth Vinz', '', '', 19, '1978', 'Doubleday Canada Limited', '0-669-46432-5', 1978, 'Old', 'RMSML2LMS', 'IMG_0006 - Copy.JPG', '2015-12-14 01:11:06', 'Available'),
(3, 'Getting to Know-Puerto Rico', 2, 'Frances Robins', '', '', '', '', 1, 'Coward-McCann', '1967', '', 0, 'Old', 'RMSML3LMS', '', '2015-12-14 01:21:47', 'Available'),
(4, 'Lotta on Troublemaker Street', 2, 'Astrid Lindgren', '', '', '', '', 0, 'Aladdin Paperbacks', '2001', '0-689-84673-8', 1962, 'Replacement', 'RMSML4LMS', '', '2015-12-14 01:43:06', 'Not Available'),
(5, 'Great Days of Whailing', 8, 'Henry Beetle Hough', '', '', '', '', 1, '', '', '', 0, 'Damaged', 'RMSML5LMS', '', '2015-12-14 02:05:16', 'Not Available'),
(6, 'Even Big Guys Cry', 2, 'Alex Karras', '', '', '', '', 1, '', '', '', 0, 'Lost', 'RMSML6LMS', '', '2015-12-14 02:05:47', 'Not Available'),
(7, 'Gintong Pamana Wika at Panitikan - Ikalawang Taon', 6, 'Lolita R. Nakpil', 'Leticia F. Dominguez', '', '', '', 11, '2000', 'SD Publications, INC.', '971-07-1885-1', 2000, 'Old', 'RMSML7LMS', 'IMG_0029 - Copy.JPG', '2015-12-14 02:20:36', 'Available'),
(8, 'Atomic habit', 8, 'Testin author', '', '', '', '', 0, 'Any', 'aasdasd', 'asdasd', 2014, 'New', 'RMSML8LMS', '3D Fish.png', '2025-02-07 21:14:51', 'Not Available');

-- --------------------------------------------------------

--
-- Table structure for table `borrow_book`
--

CREATE TABLE `borrow_book` (
  `borrow_book_id` int(11) NOT NULL,
  `user_id` int(11) NOT NULL,
  `book_id` int(11) NOT NULL,
  `date_borrowed` datetime NOT NULL,
  `due_date` datetime NOT NULL,
  `date_returned` datetime NOT NULL,
  `pickup_date` varchar(25) DEFAULT NULL,
  `borrowed_status` varchar(100) NOT NULL,
  `book_penalty` varchar(100) NOT NULL,
  `status` int(11) NOT NULL COMMENT '1-accepted,2-declined'
) ENGINE=InnoDB DEFAULT CHARSET=latin1 COLLATE=latin1_swedish_ci;

--
-- Dumping data for table `borrow_book`
--

INSERT INTO `borrow_book` (`borrow_book_id`, `user_id`, `book_id`, `date_borrowed`, `due_date`, `date_returned`, `pickup_date`, `borrowed_status`, `book_penalty`, `status`) VALUES
(1, 1, 2, '2025-02-19 21:40:55', '2025-02-22 21:41:20', '2025-02-19 21:42:01', NULL, 'returned', 'No Penalty', 1),
(2, 1, 2, '2025-02-20 23:23:48', '2025-02-23 23:24:04', '0000-00-00 00:00:00', NULL, 'borrowed', '', 1);

-- --------------------------------------------------------

--
-- Table structure for table `category`
--

CREATE TABLE `category` (
  `category_id` int(11) NOT NULL,
  `classname` varchar(50) DEFAULT NULL
) ENGINE=MyISAM DEFAULT CHARSET=utf8 COLLATE=utf8_general_ci;

--
-- Dumping data for table `category`
--

INSERT INTO `category` (`category_id`, `classname`) VALUES
(1, 'Textbook'),
(2, 'English'),
(3, 'Math'),
(4, 'Science'),
(5, 'Encyclopedia'),
(6, 'Filipiniana'),
(7, 'Novel'),
(8, 'General'),
(9, 'References');

-- --------------------------------------------------------

--
-- Table structure for table `notifications`
--

CREATE TABLE `notifications` (
  `id` int(11) NOT NULL,
  `user_id` int(11) NOT NULL,
  `message` text NOT NULL,
  `status` enum('unread','read') DEFAULT 'unread',
  `created_at` timestamp NOT NULL DEFAULT current_timestamp()
) ENGINE=InnoDB DEFAULT CHARSET=utf8mb4 COLLATE=utf8mb4_general_ci;

--
-- Dumping data for table `notifications`
--

INSERT INTO `notifications` (`id`, `user_id`, `message`, `status`, `created_at`) VALUES
(1, 1, 'Testing Data', 'unread', '2025-02-20 14:06:17'),
(2, 1, 'Testing 2', 'read', '2025-02-20 15:06:36'),
(3, 1, 'The admin has accepted your request to borrow DAYBOOK of Critical Reading and Writing', 'unread', '2025-02-20 15:24:06');

-- --------------------------------------------------------

--
-- Table structure for table `penalty`
--

CREATE TABLE `penalty` (
  `penalty_id` int(11) NOT NULL,
  `penalty_amount` int(11) NOT NULL
) ENGINE=InnoDB DEFAULT CHARSET=latin1 COLLATE=latin1_swedish_ci;

--
-- Dumping data for table `penalty`
--

INSERT INTO `penalty` (`penalty_id`, `penalty_amount`) VALUES
(1, 30);

-- --------------------------------------------------------

--
-- Table structure for table `report`
--

CREATE TABLE `report` (
  `report_id` int(11) NOT NULL,
  `book_id` int(11) NOT NULL,
  `user_id` int(11) NOT NULL,
  `admin_name` varchar(100) NOT NULL,
  `detail_action` varchar(100) NOT NULL,
  `date_transaction` datetime NOT NULL
) ENGINE=InnoDB DEFAULT CHARSET=latin1 COLLATE=latin1_swedish_ci;

--
-- Dumping data for table `report`
--

INSERT INTO `report` (`report_id`, `book_id`, `user_id`, `admin_name`, `detail_action`, `date_transaction`) VALUES
(1, 2, 1, 'Admin M. Doe', 'Borrowed Book', '2025-02-19 21:41:25'),
(2, 2, 1, 'Admin M. Doe', 'Returned Book', '2025-02-19 21:42:01'),
(3, 2, 1, 'Admin M. Doe', 'Borrowed Book', '2025-02-20 23:24:06');

-- --------------------------------------------------------

--
-- Table structure for table `return_book`
--

CREATE TABLE `return_book` (
  `return_book_id` int(11) NOT NULL,
  `user_id` int(11) NOT NULL,
  `book_id` int(11) NOT NULL,
  `date_borrowed` datetime NOT NULL,
  `due_date` datetime NOT NULL,
  `date_returned` datetime NOT NULL,
  `book_penalty` varchar(100) NOT NULL
) ENGINE=InnoDB DEFAULT CHARSET=latin1 COLLATE=latin1_swedish_ci;

--
-- Dumping data for table `return_book`
--

INSERT INTO `return_book` (`return_book_id`, `user_id`, `book_id`, `date_borrowed`, `due_date`, `date_returned`, `book_penalty`) VALUES
(1, 1, 2, '2025-02-19 21:40:55', '2025-02-22 21:41:20', '2025-02-19 21:41:42', 'No Penalty');

-- --------------------------------------------------------

--
-- Table structure for table `user`
--

CREATE TABLE `user` (
  `user_id` int(11) NOT NULL,
  `school_number` varchar(100) NOT NULL,
  `firstname` varchar(100) NOT NULL,
  `middlename` varchar(100) NOT NULL,
  `lastname` varchar(100) NOT NULL,
  `contact` varchar(100) NOT NULL,
  `gender` varchar(100) NOT NULL,
  `address` varchar(100) NOT NULL,
  `type` varchar(100) NOT NULL,
  `level` varchar(100) NOT NULL,
  `section` varchar(100) NOT NULL,
  `user_image` varchar(100) NOT NULL,
  `status` varchar(100) NOT NULL,
  `password` varchar(255) DEFAULT NULL,
  `email` varchar(100) DEFAULT NULL,
  `user_added` datetime NOT NULL
) ENGINE=InnoDB DEFAULT CHARSET=latin1 COLLATE=latin1_swedish_ci;

--
-- Dumping data for table `user`
--

INSERT INTO `user` (`user_id`, `school_number`, `firstname`, `middlename`, `lastname`, `contact`, `gender`, `address`, `type`, `level`, `section`, `user_image`, `status`, `password`, `email`, `user_added`) VALUES
(1, '117504060067', 'JOHN', 'DOE', 'IPSUM', '', 'Male', 'Bacolod City', 'Student', 'Grade 9', 'Antimony', '', 'Active', '123', NULL, '2015-12-14 02:47:56');

-- --------------------------------------------------------

--
-- Table structure for table `user_log`
--

CREATE TABLE `user_log` (
  `user_log_id` int(11) NOT NULL,
  `user_id` int(11) NOT NULL,
  `user_name` varchar(100) NOT NULL,
  `date_log` datetime NOT NULL
) ENGINE=InnoDB DEFAULT CHARSET=latin1 COLLATE=latin1_swedish_ci;

--
-- Dumping data for table `user_log`
--

INSERT INTO `user_log` (`user_log_id`, `user_id`, `user_name`, `date_log`) VALUES
(1, 19, 'MARY BERYL TULMO LUMAPAN', '2015-12-14 08:33:56'),
(2, 40, 'CRISTALLY MALAPITAN ANIAN', '2015-12-14 08:39:11'),
(3, 1, 'KERVIN KARL OSORIO CABUS', '2015-12-14 10:35:20'),
(4, 7, 'ANDRIA CASIANO PIT', '2015-12-14 10:36:12'),
(5, 10, 'REGINE DOMINGUEZ SALANATIN', '2015-12-14 10:36:29'),
(6, 18, 'ROZEL CHILES PALMA JANDOG', '2015-12-14 10:37:03'),
(7, 3, 'GERALD MANOSO PELINGON', '2015-12-14 10:37:23'),
(8, 8, 'ANGELA CASTILLO REJAS', '2015-12-14 10:37:26'),
(9, 17, 'CRISTY GAYLE CADAYDAY GOSIAOCO', '2015-12-14 10:37:38'),
(10, 9, 'ROWELA UNTAL ROGERO', '2015-12-14 10:38:05'),
(11, 17, 'CRISTY GAYLE CADAYDAY GOSIAOCO', '2015-12-14 10:38:29'),
(12, 16, 'RATCHEL YANOS GALVAN', '2015-12-14 10:38:29'),
(13, 15, 'REYNAN DATULAYTA GABALES', '2015-12-14 10:38:34'),
(14, 12, 'SUNDAY HECHANOVA FELIPE', '2015-12-14 10:38:37'),
(15, 12, 'SUNDAY HECHANOVA FELIPE', '2015-12-14 10:38:48'),
(16, 9, 'ROWELA UNTAL ROGERO', '2015-12-14 10:38:56'),
(17, 7, 'ANDRIA CASIANO PIT', '2015-12-14 10:39:01'),
(18, 5, 'JAN MICHAEL ALABE PORCEL', '2015-12-14 10:39:04'),
(19, 5, 'JAN MICHAEL ALABE PORCEL', '2015-12-14 10:39:06'),
(20, 17, 'CRISTY GAYLE CADAYDAY GOSIAOCO', '2015-12-14 10:40:34'),
(21, 16, 'RATCHEL YANOS GALVAN', '2015-12-14 10:40:39'),
(22, 15, 'REYNAN DATULAYTA GABALES', '2015-12-14 10:40:45'),
(23, 14, 'CHRISTOPHER ARGUELLES FRIAS', '2015-12-14 10:40:51'),
(24, 14, 'CHRISTOPHER ARGUELLES FRIAS', '2015-12-14 10:41:01'),
(25, 25, 'JOEZER COLENE LEGIRO GALIMBA', '2015-12-14 10:41:08'),
(26, 18, 'ROZEL CHILES PALMA JANDOG', '2015-12-14 10:41:16'),
(27, 20, 'REGINA MARIE DELAPER MACHAN', '2015-12-14 10:41:20'),
(28, 19, 'MARY BERYL TULMO LUMAPAN', '2015-12-14 10:41:21'),
(29, 20, 'REGINA MARIE DELAPER MACHAN', '2015-12-14 10:41:22'),
(30, 23, 'MARK ANGELO BOJOS CAMACHO', '2015-12-14 10:41:28'),
(31, 23, 'MARK ANGELO BOJOS CAMACHO', '2015-12-14 10:41:29'),
(32, 24, 'RGEE LOUIZE ESTARES DELIMA', '2015-12-14 10:41:29'),
(33, 22, 'KENNETH JUANEZA BENIT', '2015-12-14 10:41:31'),
(34, 19, 'MARY BERYL TULMO LUMAPAN', '2015-12-14 10:41:32'),
(35, 18, 'ROZEL CHILES PALMA JANDOG', '2015-12-14 10:41:32'),
(36, 13, 'JOEMAR MENDOZA FRANCISCO', '2015-12-14 10:41:37'),
(37, 11, 'JOHN MARK PAMPLIEGA CASTEN', '2015-12-14 10:41:41'),
(38, 10, 'REGINE DOMINGUEZ SALANATIN', '2015-12-14 10:41:45'),
(39, 10, 'REGINE DOMINGUEZ SALANATIN', '2015-12-14 10:41:48'),
(40, 10, 'REGINE DOMINGUEZ SALANATIN', '2015-12-14 10:41:50'),
(41, 25, 'JOEZER COLENE LEGIRO GALIMBA', '2015-12-14 10:42:06'),
(42, 26, 'JULIAH ARANGOTE ABEDONG', '2015-12-14 10:42:07'),
(43, 19, 'MARY BERYL TULMO LUMAPAN', '2015-12-14 10:42:11'),
(44, 19, 'MARY BERYL TULMO LUMAPAN', '2015-12-14 10:42:16'),
(45, 23, 'MARK ANGELO BOJOS CAMACHO', '2015-12-14 10:42:22'),
(46, 21, 'MARLON GAJO BALANGAO', '2015-12-14 10:43:00'),
(47, 18, 'ROZEL CHILES PALMA JANDOG', '2015-12-14 10:43:48'),
(48, 18, 'ROZEL CHILES PALMA JANDOG', '2015-12-14 10:43:55'),
(49, 20, 'REGINA MARIE DELAPER MACHAN', '2015-12-14 10:44:01'),
(50, 25, 'JOEZER COLENE LEGIRO GALIMBA', '2015-12-14 10:44:07'),
(51, 23, 'MARK ANGELO BOJOS CAMACHO', '2015-12-14 10:44:25'),
(52, 23, 'MARK ANGELO BOJOS CAMACHO', '2015-12-14 10:44:27'),
(53, 23, 'MARK ANGELO BOJOS CAMACHO', '2015-12-14 10:44:32'),
(54, 28, 'NICOLE ANN PAGSUBERON ABILGOS', '2015-12-14 11:05:19'),
(55, 35, 'RALPH JERO CENTINO DEMERIN', '2015-12-14 11:05:22'),
(56, 28, 'NICOLE ANN PAGSUBERON ABILGOS', '2015-12-14 11:05:28'),
(57, 28, 'NICOLE ANN PAGSUBERON ABILGOS', '2015-12-14 11:09:11'),
(58, 32, 'JOSHUA SUICO CARPENTERO', '2015-12-14 11:09:18'),
(59, 36, 'TRESHIA SALVANTE ABENIR', '2015-12-14 11:16:09'),
(60, 38, 'ELLA MARIE MARTENECIO ALVAREZ', '2015-12-14 11:16:13'),
(61, 38, 'ELLA MARIE MARTENECIO ALVAREZ', '2015-12-14 11:16:15'),
(62, 37, 'MA THERESA MAE CORDOVA ALLES', '2015-12-14 11:16:19'),
(63, 36, 'TRESHIA SALVANTE ABENIR', '2015-12-14 11:16:48'),
(64, 38, 'ELLA MARIE MARTENECIO ALVAREZ', '2015-12-14 11:16:50'),
(65, 39, 'LOVELY ANN YUBARA AMAR', '2015-12-14 11:16:55'),
(66, 38, 'ELLA MARIE MARTENECIO ALVAREZ', '2015-12-14 11:32:50'),
(67, 33, 'JERSON PIDO DAMPOG', '2015-12-14 11:33:15'),
(68, 19, 'MARY BERYL TULMO LUMAPAN', '2015-12-14 11:33:16'),
(69, 27, 'CHRISTINE MAE SALAZAR ABETO', '2015-12-14 11:33:18'),
(70, 28, 'NICOLE ANN PAGSUBERON ABILGOS', '2015-12-14 11:33:19'),
(71, 19, 'MARY BERYL TULMO LUMAPAN', '2015-12-14 11:34:29'),
(72, 18, 'ROZEL CHILES PALMA JANDOG', '2015-12-14 11:34:39'),
(73, 24, 'RGEE LOUIZE ESTARES DELIMA', '2015-12-14 11:34:42'),
(74, 33, 'JERSON PIDO DAMPOG', '2015-12-14 11:35:04'),
(75, 9, 'ROWELA UNTAL ROGERO', '2015-12-14 11:35:21'),
(76, 5, 'JAN MICHAEL ALABE PORCEL', '2015-12-14 11:35:24'),
(77, 33, 'JERSON PIDO DAMPOG', '2015-12-14 11:38:01'),
(78, 33, 'JERSON PIDO DAMPOG', '2015-12-14 11:40:11'),
(79, 30, 'MARNYL DUNLAO BACOLINA', '2015-12-14 11:40:17'),
(80, 31, 'REXXER ANDREI DE LOS SANTOS BELEBER', '2015-12-14 11:49:45'),
(81, 30, 'MARNYL DUNLAO BACOLINA', '2015-12-14 11:49:50'),
(82, 33, 'JERSON PIDO DAMPOG', '2015-12-14 11:50:45'),
(83, 28, 'NICOLE ANN PAGSUBERON ABILGOS', '2015-12-14 11:50:56'),
(84, 29, 'JANESSA DOROTEO ARGUELLES', '2015-12-14 11:53:03'),
(85, 20, 'REGINA MARIE DELAPER MACHAN', '2015-12-14 13:52:30'),
(86, 34, 'JESS LORD ARROYO DE LA CRUZ', '2015-12-14 14:11:26'),
(87, 30, 'MARNYL DUNLAO BACOLINA', '2015-12-14 14:12:05'),
(88, 33, 'JERSON PIDO DAMPOG', '2015-12-14 14:24:28'),
(89, 33, 'JERSON PIDO DAMPOG', '2015-12-14 14:25:03'),
(90, 33, 'JERSON PIDO DAMPOG', '2015-12-14 14:25:06'),
(91, 33, 'JERSON PIDO DAMPOG', '2015-12-14 14:25:12'),
(92, 28, 'NICOLE ANN PAGSUBERON ABILGOS', '2015-12-14 14:25:56'),
(93, 34, 'JESS LORD ARROYO DE LA CRUZ', '2015-12-14 14:26:46'),
(94, 30, 'MARNYL DUNLAO BACOLINA', '2015-12-14 14:26:52'),
(95, 30, 'MARNYL DUNLAO BACOLINA', '2015-12-14 14:27:44'),
(96, 34, 'JESS LORD ARROYO DE LA CRUZ', '2015-12-14 14:28:01');

--
-- Indexes for dumped tables
--

--
-- Indexes for table `admin`
--
ALTER TABLE `admin`
  ADD PRIMARY KEY (`admin_id`);

--
-- Indexes for table `allowed_book`
--
ALTER TABLE `allowed_book`
  ADD PRIMARY KEY (`allowed_book_id`);

--
-- Indexes for table `allowed_days`
--
ALTER TABLE `allowed_days`
  ADD PRIMARY KEY (`allowed_days_id`);

--
-- Indexes for table `barcode`
--
ALTER TABLE `barcode`
  ADD PRIMARY KEY (`barcode_id`);

--
-- Indexes for table `book`
--
ALTER TABLE `book`
  ADD PRIMARY KEY (`book_id`);

--
-- Indexes for table `borrow_book`
--
ALTER TABLE `borrow_book`
  ADD PRIMARY KEY (`borrow_book_id`);

--
-- Indexes for table `category`
--
ALTER TABLE `category`
  ADD PRIMARY KEY (`category_id`),
  ADD UNIQUE KEY `category_id` (`category_id`),
  ADD KEY `classid` (`category_id`);

--
-- Indexes for table `notifications`
--
ALTER TABLE `notifications`
  ADD PRIMARY KEY (`id`);

--
-- Indexes for table `penalty`
--
ALTER TABLE `penalty`
  ADD PRIMARY KEY (`penalty_id`);

--
-- Indexes for table `report`
--
ALTER TABLE `report`
  ADD PRIMARY KEY (`report_id`);

--
-- Indexes for table `return_book`
--
ALTER TABLE `return_book`
  ADD PRIMARY KEY (`return_book_id`);

--
-- Indexes for table `user`
--
ALTER TABLE `user`
  ADD PRIMARY KEY (`user_id`);

--
-- Indexes for table `user_log`
--
ALTER TABLE `user_log`
  ADD PRIMARY KEY (`user_log_id`);

--
-- AUTO_INCREMENT for dumped tables
--

--
-- AUTO_INCREMENT for table `admin`
--
ALTER TABLE `admin`
  MODIFY `admin_id` int(11) NOT NULL AUTO_INCREMENT, AUTO_INCREMENT=4;

--
-- AUTO_INCREMENT for table `allowed_book`
--
ALTER TABLE `allowed_book`
  MODIFY `allowed_book_id` int(11) NOT NULL AUTO_INCREMENT, AUTO_INCREMENT=2;

--
-- AUTO_INCREMENT for table `allowed_days`
--
ALTER TABLE `allowed_days`
  MODIFY `allowed_days_id` int(11) NOT NULL AUTO_INCREMENT, AUTO_INCREMENT=2;

--
-- AUTO_INCREMENT for table `barcode`
--
ALTER TABLE `barcode`
  MODIFY `barcode_id` int(11) NOT NULL AUTO_INCREMENT, AUTO_INCREMENT=9;

--
-- AUTO_INCREMENT for table `book`
--
ALTER TABLE `book`
  MODIFY `book_id` int(11) NOT NULL AUTO_INCREMENT, AUTO_INCREMENT=9;

--
-- AUTO_INCREMENT for table `borrow_book`
--
ALTER TABLE `borrow_book`
  MODIFY `borrow_book_id` int(11) NOT NULL AUTO_INCREMENT, AUTO_INCREMENT=3;

--
-- AUTO_INCREMENT for table `category`
--
ALTER TABLE `category`
  MODIFY `category_id` int(11) NOT NULL AUTO_INCREMENT, AUTO_INCREMENT=801;

--
-- AUTO_INCREMENT for table `notifications`
--
ALTER TABLE `notifications`
  MODIFY `id` int(11) NOT NULL AUTO_INCREMENT, AUTO_INCREMENT=4;

--
-- AUTO_INCREMENT for table `penalty`
--
ALTER TABLE `penalty`
  MODIFY `penalty_id` int(11) NOT NULL AUTO_INCREMENT, AUTO_INCREMENT=2;

--
-- AUTO_INCREMENT for table `report`
--
ALTER TABLE `report`
  MODIFY `report_id` int(11) NOT NULL AUTO_INCREMENT, AUTO_INCREMENT=4;

--
-- AUTO_INCREMENT for table `return_book`
--
ALTER TABLE `return_book`
  MODIFY `return_book_id` int(11) NOT NULL AUTO_INCREMENT, AUTO_INCREMENT=2;

--
-- AUTO_INCREMENT for table `user`
--
ALTER TABLE `user`
  MODIFY `user_id` int(11) NOT NULL AUTO_INCREMENT, AUTO_INCREMENT=55;

--
-- AUTO_INCREMENT for table `user_log`
--
ALTER TABLE `user_log`
  MODIFY `user_log_id` int(11) NOT NULL AUTO_INCREMENT, AUTO_INCREMENT=97;
COMMIT;

/*!40101 SET CHARACTER_SET_CLIENT=@OLD_CHARACTER_SET_CLIENT */;
/*!40101 SET CHARACTER_SET_RESULTS=@OLD_CHARACTER_SET_RESULTS */;
/*!40101 SET COLLATION_CONNECTION=@OLD_COLLATION_CONNECTION */;
